spec,variable,estimate,se,ci_low,ci_high,t,p_value
(1),weekly,0.0641271239540037,0.011808994409465437,0.040597188958795355,0.08765705894921205,5.430362800629573,6.849354645855402e-07
(1),monthly,0.03971953146979356,0.011903710138220128,0.01600087126536373,0.06343819167422339,3.336735438664884,0.0013283217000668107
(2),weekly,0.053564470438755396,0.0124177652126664,0.028821533139572895,0.0783074077379379,4.313535448722965,4.8954502787288894e-05
(2),monthly,0.03584026656721381,0.011923552073540018,0.012082070443630532,0.05959846269079709,3.005838054479439,0.003614900226748526
(2),age,0.005463051482470096,0.0019693349065245955,0.0015390660246417638,0.009387036940298427,2.774059132537834,0.007003286057337058
(2),age_sq,-0.006160928717777292,0.002444502975974471,-0.011031707221505654,-0.00129015021404893,-2.5203195816611,0.01388036074828002
(2),female_d,-0.026913299943595318,0.010130334670567516,-0.047098432395440495,-0.006728167491750141,-2.656703931192788,0.009660730818152226
(2),educ_2,-0.0028942508934889765,0.01536215502015327,-0.03350401295085648,0.027715511163878527,-0.1884013596850229,0.8510777464219939
(2),educ_3,0.021800960390362903,0.01777207241974846,-0.013610666905491342,0.05721258768621715,1.2266977016218723,0.2238250201307623
(2),inc_q2,-0.020010255283857643,0.018207100466896293,-0.05628869488527757,0.01626818431756228,-1.0990358031054865,0.2753152875072609
(2),inc_q3,-0.020185546255508516,0.018777450610612527,-0.05760043332576573,0.017229340814748702,-1.0749886485708646,0.2858724104451007
(2),inc_q4,-0.021548833301357973,0.015197651117490886,-0.05183081417754366,0.008733147574827717,-1.4179055128168818,0.16041569548589318
(2),inc_q5,-0.02347105617753111,0.01781531402093162,-0.05896884424454407,0.012026731889481852,-1.3174651959518888,0.1917473544401839
(2),labor_force,0.04781402408692076,0.011219316994329303,0.025459046989497018,0.07016900118434449,4.26175890306762,5.898898920709735e-05
(2),rural,-0.011619622843346316,0.012922760160045984,-0.037368784540029246,0.01412953885333661,-0.8991595216067966,0.3714842940461417
(3),weekly,0.052879519410170064,0.012509576782416251,0.027953643564900148,0.07780539525543997,4.227122973856217,6.678173021296182e-05
(3),monthly,0.03514136364481446,0.01204799966254721,0.01113520028726395,0.059147527002364975,2.916779932693392,0.004679430499557819
(3),age,0.00534321484606011,0.001975060665528101,0.001407820564374369,0.00927860912774585,2.7053421392660946,0.008464130826081467
(3),age_sq,-0.005841673545433624,0.0024518291284086778,-0.01072704972653947,-0.0009562973643277781,-2.3825777570499267,0.01976116050151456
(3),female_d,-0.026048253264323157,0.010125323473850175,-0.04622340068874613,-0.005873105839900191,-2.5725848000407887,0.012098302719019183
(3),educ_2,-0.009081153594398197,0.014967677258240032,-0.03890490155327194,0.02074259436447555,-0.6067176247669841,0.5458952875489952
(3),educ_3,0.01484793465235542,0.017512399108219143,-0.020046282275738993,0.04974215158044983,0.8478526877215126,0.3992540814518431
(3),inc_q2,-0.020895118194033016,0.018244023590848313,-0.057247128725905295,0.015456892337839263,-1.1453130440214165,0.25577010422709945
(3),inc_q3,-0.021135838657050682,0.018828057247293088,-0.05865156165203873,0.01637988433793737,-1.1225714039131351,0.26524864738873594
(3),inc_q4,-0.023048587333134467,0.01501448693135697,-0.05296560560168891,0.006868430935419979,-1.535089906069231,0.12902649679890357
(3),inc_q5,-0.025624084092523848,0.017886503617538334,-0.06126372052718007,0.010015552342132375,-1.4325932356840578,0.15618513748458668
(3),labor_force,0.046481312320454056,0.011245278926611648,0.024074604943738802,0.06888801969716932,4.1334067944243955,9.317477063674187e-05
(3),rural,-0.010962199950329734,0.012972962231166129,-0.036811391457267716,0.014886991556608248,-0.8450036125129728,0.40083263644053163
(3),internet_use,0.05500542537306419,0.019470813724289014,0.016208982140852493,0.09380186860527588,2.8250193418699934,0.006073312289559422
(3),smartphone,-0.017358398812214442,0.02098703939307873,-0.059175987637999444,0.024459190013570557,-0.8271008829353526,0.41083906477885884
(3),account,0.051240743320099,0.03805331694306755,-0.02458214582486861,0.1270636324650666,1.3465512979265766,0.18223475530420036
