spec,quantity,estimate,se,ci_low,ci_high,t,p_value,N,economies
(1),P_weekly,0.31000421658764143,,,,,,16251,75
(1),P_monthly,0.2855966241034313,,,,,,16251,75
(1),P_less_than_monthly,0.24587709263363777,,,,,,16251,75
(1),beta_W,0.0641271239540037,0.011808994409465437,0.040597188958795355,0.08765705894921205,5.430362800629573,6.849354645855402e-07,16251,75
(1),beta_M,0.03971953146979356,0.011903710138220128,0.01600087126536373,0.06343819167422339,3.336735438664884,0.0013283217000668107,16251,75
(1),beta_W_minus_beta_M,0.024407592484210143,0.01109493938305236,0.0023004431870824182,0.04651474178133787,2.199885158587978,0.03093754403217457,16251,75
(2),P_weekly,0.30546062124431783,,,,,,16251,75
(2),P_monthly,0.2877364173727762,,,,,,16251,75
(2),P_less_than_monthly,0.2518961508055624,,,,,,16251,75
(2),beta_W,0.053564470438755396,0.0124177652126664,0.028821533139572895,0.0783074077379379,4.313535448722965,4.8954502787288894e-05,16251,75
(2),beta_M,0.03584026656721381,0.011923552073540018,0.012082070443630532,0.05959846269079709,3.005838054479439,0.003614900226748526,16251,75
(2),beta_W_minus_beta_M,0.017724203871541583,0.011927718436234169,-0.006042293910926491,0.04149070165400966,1.4859676614849309,0.14153581110953595,16251,75
(3),P_weekly,0.30529519319916465,,,,,,16251,75
(3),P_monthly,0.28755703743380906,,,,,,16251,75
(3),P_less_than_monthly,0.2524156737889946,,,,,,16251,75
(3),beta_W,0.052879519410170064,0.012509576782416251,0.027953643564900148,0.07780539525543997,4.227122973856217,6.678173021296182e-05,16251,75
(3),beta_M,0.03514136364481446,0.01204799966254721,0.01113520028726395,0.059147527002364975,2.916779932693392,0.004679430499557819,16251,75
(3),beta_W_minus_beta_M,0.017738155765355604,0.011884779922081645,-0.0059427851600451255,0.04141909669075633,1.492510242650646,0.1398167546544192,16251,75
